Region,Country,Item Type,Order Date,Order ID,Ship Date,Index
Middle East and North Africa,Libya,Cosmetics,10/18/2014,686800706,10/31/2014,1
North America,Canada,Vegetables,11-07-2011,185941302,12-08-2011,2
Middle East and North Africa,Libya,Baby Food,10/31/2016,246222341,12-09-2016,3
Asia,Japan,Cereal,04-10-2010,161442649,05-12-2010,4
Sub-Saharan Africa,Chad,Fruits,8/16/2011,645713555,8/31/2011,5
Europe,Armenia,Cereal,11/24/2014,683458888,12/28/2014,6
Sub-Saharan Africa,Eritrea,Cereal,03-04-2015,679414975,4/17/2015,7
Europe,Montenegro,Clothes,5/17/2012,208630645,6/28/2012,8
Central America and the Caribbean,Jamaica,Vegetables,1/29/2015,266467225,03-07-2015,9
Australia and Oceania,Fiji,Vegetables,12/24/2013,118598544,1/19/2014,10
Sub-Saharan Africa,Togo,Clothes,12/29/2015,451010930,1/19/2016,11
Europe,Montenegro,Snacks,2/27/2010,220003211,3/18/2010,12
Europe,Greece,Household,11/17/2016,702186715,12/22/2016,13
Sub-Saharan Africa,Sudan,Cosmetics,12/20/2015,544485270,01-05-2016,14
Asia,Maldives,Fruits,01-08-2011,714135205,02-06-2011,15
Europe,Montenegro,Clothes,6/28/2010,448685348,7/22/2010,16
Europe,Estonia,Office Supplies,4/25/2016,405997025,05-12-2016,17
North America,Greenland,Beverages,7/27/2012,414244067,08-07-2012,18
Sub-Saharan Africa,Cape Verde,Clothes,09-08-2014,821912801,10-03-2014,19
Sub-Saharan Africa,Senegal,Household,8/27/2012,247802054,09-08-2012,20
Australia and Oceania,Federated States of Micronesia,Snacks,09-03-2012,531023156,10/15/2012,21
Europe,Bulgaria,Clothes,8/27/2010,880999934,9/16/2010,22
Middle East and North Africa,Algeria,Personal Care,2/20/2011,127468717,03-09-2011,23
Asia,Mongolia,Clothes,12-12-2015,770478332,1/24/2016,24
Central America and the Caribbean,Grenada,Cereal,10/28/2012,430390107,11/13/2012,25
Central America and the Caribbean,Grenada,Beverages,1/30/2017,397877871,3/20/2017,26
Sub-Saharan Africa,Senegal,Beverages,10/22/2014,683927953,11-04-2014,27
North America,Greenland,Fruits,1/31/2012,469839179,2/22/2012,28
Sub-Saharan Africa,Chad,Meat,1/20/2016,357222878,03-09-2016,29
Sub-Saharan Africa,Mauritius ,Personal Care,01-01-2016,118002879,01-07-2016,30
Middle East and North Africa,Morocco,Beverages,06-01-2017,944415509,6/23/2017,31
Central America and the Caribbean,Honduras,Office Supplies,6/30/2015,499009597,07-09-2015,32
Sub-Saharan Africa,Benin,Fruits,1/28/2014,564646470,3/16/2014,33
Europe,Greece,Baby Food,04-08-2014,294499957,04-08-2014,34
Central America and the Caribbean,Jamaica,Beverages,09-04-2010,262056386,10/24/2010,35
Sub-Saharan Africa,Equatorial Guinea,Office Supplies,05-02-2010,211114585,5/14/2010,36
Sub-Saharan Africa,Swaziland,Office Supplies,10-03-2013,405785882,10/22/2013,37
Central America and the Caribbean,Trinidad and Tobago,Vegetables,03-06-2011,280494105,4/14/2011,38
Europe,Sweden,Baby Food,08-07-2016,689975583,08-12-2016,39
Europe,Belarus,Office Supplies,01-11-2011,759279143,2/18/2011,40
Sub-Saharan Africa,Guinea-Bissau,Office Supplies,5/21/2014,133766114,06-12-2014,41
Asia,Mongolia,Beverages,08-03-2013,329110324,09-02-2013,42
Middle East and North Africa,Turkey,Meat,10-05-2011,681298100,11/20/2011,43
Sub-Saharan Africa,Central African Republic,Snacks,11/15/2016,596628272,12/30/2016,44
Sub-Saharan Africa,Equatorial Guinea,Office Supplies,04-03-2015,901712167,4/17/2015,45
Asia,Laos,Beverages,3/22/2013,693473613,4/21/2013,46
Europe,Armenia,Meat,08-02-2010,489148938,09-01-2010,47
Europe,Greece,Household,01-05-2012,876286971,2/15/2012,48
Middle East and North Africa,Israel,Personal Care,8/26/2015,262749040,8/30/2015,49
Asia,Bhutan,Meat,12-09-2016,726708972,1/26/2017,50
Australia and Oceania,Vanuatu,Vegetables,5/17/2012,366653096,5/31/2012,51
Sub-Saharan Africa,Burundi,Vegetables,11/17/2010,951380240,12/20/2010,52
Europe,Ukraine,Cosmetics,11/13/2014,270001733,01-01-2015,53
Europe,Croatia,Beverages,6/16/2016,681941401,7/28/2016,54
Sub-Saharan Africa,Madagascar,Fruits,5/31/2016,566935575,06-07-2016,55
Asia,Malaysia,Snacks,10-06-2012,175033080,11-05-2012,56
Asia,Uzbekistan,Office Supplies,03-10-2012,276595246,3/15/2012,57
Europe,Italy,Office Supplies,1/26/2011,812295901,2/13/2011,58
Asia,Nepal,Vegetables,06-02-2014,443121373,6/19/2014,59
Australia and Oceania,Fiji,Personal Care,12/17/2016,600370490,1/25/2017,60
Europe,Portugal,Office Supplies,6/27/2014,535654580,7/29/2014,61
Central America and the Caribbean,Panama,Cosmetics,3/17/2015,470897471,4/22/2015,62
Europe,Belarus,Beverages,04-03-2013,248335492,04-04-2013,63
Sub-Saharan Africa,Botswana,Clothes,03-08-2015,680517470,3/25/2015,64
Sub-Saharan Africa,Tanzania,Personal Care,6/21/2013,400304734,7/29/2013,65
Europe,Romania,Office Supplies,01-06-2013,810871112,01-08-2013,66
Sub-Saharan Africa,Mali,Cereal,3/17/2012,235702931,04-03-2012,67
Sub-Saharan Africa,Central African Republic,Office Supplies,4/18/2014,668599021,05-12-2014,68
Sub-Saharan Africa,Niger,Baby Food,01-03-2016,123670709,02-01-2016,69
Europe,Austria,Office Supplies,05-12-2011,285341823,06-08-2011,70
Asia,India,Fruits,7/29/2010,658348691,8/22/2010,71
Europe,Luxembourg,Baby Food,08-02-2013,817740142,8/19/2013,72
Sub-Saharan Africa,Cape Verde,Beverages,10/23/2013,858877503,11-06-2013,73
Europe,Sweden,Vegetables,02-05-2017,947434604,2/19/2017,74
Europe,Iceland,Meat,3/20/2015,869397771,4/17/2015,75
Middle East and North Africa,Qatar,Personal Care,05-06-2012,481065833,05-08-2012,76
Sub-Saharan Africa,South Sudan,Meat,9/30/2013,159050118,10-01-2013,77
Europe,United Kingdom,Office Supplies,5/20/2014,350274455,6/14/2014,78
Middle East and North Africa,Tunisia ,Cereal,04-09-2010,221975171,5/17/2010,79
North America,United States of America,Office Supplies,06-09-2017,811701095,7/19/2017,80
Sub-Saharan Africa,Liberia,Cereal,02-08-2015,977313554,3/29/2015,81
Sub-Saharan Africa,Eritrea,Snacks,1/25/2010,546986377,02-10-2010,82
Asia,South Korea,Fruits,03-07-2010,769205892,3/17/2010,83
Sub-Saharan Africa,Kenya,Clothes,01-03-2013,262770926,02-08-2013,84
Sub-Saharan Africa,Rwanda,Snacks,03-06-2017,866792809,3/18/2017,85
Central America and the Caribbean,Cuba,Beverages,01-09-2011,890695369,2/23/2011,86
Middle East and North Africa,Libya,Cereal,3/27/2014,964214932,3/31/2014,87
Europe,Czech Republic,Snacks,6/28/2013,887400329,8/17/2013,88
Europe,Montenegro,Beverages,09-04-2011,980612885,09-04-2011,89
Europe,Montenegro,Clothes,7/14/2016,734526431,08-02-2016,90
Asia,Philippines,Baby Food,2/23/2014,160127294,3/23/2014,91
Central America and the Caribbean,El Salvador,Clothes,08-07-2010,238714301,9/13/2010,92
Australia and Oceania,Tonga,Household,1/14/2013,671898782,02-06-2013,93
Sub-Saharan Africa,Democratic Republic of the Congo,Personal Care,9/30/2010,331604564,11/17/2010,94
Middle East and North Africa,Afghanistan,Cereal,10/13/2016,410067975,11/20/2016,95
Australia and Oceania,Tuvalu,Snacks,3/16/2011,369837844,3/23/2011,96
Sub-Saharan Africa,Sudan,Fruits,12/26/2012,193775498,1/31/2013,97
Sub-Saharan Africa,Niger,Clothes,09-02-2015,835054767,10-09-2015,98
Sub-Saharan Africa,Gabon,Household,11-11-2013,167161977,12/24/2013,99
Australia and Oceania,East Timor,Vegetables,08-04-2014,633895957,8/22/2014,100
North America,United States of America,Clothes,10/21/2010,699368035,12-07-2010,101
Middle East and North Africa,Jordan,Vegetables,6/13/2015,698002040,7/29/2015,102
Europe,Cyprus,Snacks,3/29/2012,584534299,5/18/2012,103
Sub-Saharan Africa,Malawi,Vegetables,6/22/2012,384013640,7/19/2012,104
Europe,Iceland,Personal Care,05-10-2013,641801393,5/24/2013,105
Middle East and North Africa,Israel,Personal Care,12-10-2016,173571383,01-11-2017,106
Middle East and North Africa,United Arab Emirates,Snacks,3/20/2011,115309941,04-06-2011,107
Asia,China,Cosmetics,9/22/2011,773315894,11-04-2011,108
Sub-Saharan Africa,Kenya,Beverages,05-11-2012,274200570,6/26/2012,109
Middle East and North Africa,Somalia,Clothes,11/15/2011,414887797,11/17/2011,110
Australia and Oceania,Tonga,Beverages,1/27/2010,812613904,1/29/2010,111
Asia,Bangladesh,Baby Food,8/17/2011,254927718,09-07-2011,112
Middle East and North Africa,Egypt,Beverages,09-06-2014,749690568,10/26/2014,113
Sub-Saharan Africa,Eritrea,Cereal,09-03-2014,775076282,9/19/2014,114
Sub-Saharan Africa,Swaziland,Office Supplies,09-05-2015,229571187,9/18/2015,115
Asia,Vietnam,Baby Food,6/20/2011,881974112,07-11-2011,116
Australia and Oceania,Marshall Islands,Snacks,01-12-2012,521396386,2/14/2012,117
Asia,Taiwan,Household,1/23/2017,607261836,2/22/2017,118
Europe,Ireland,Vegetables,03-04-2012,419306790,03-12-2012,119
Sub-Saharan Africa,Rwanda,Meat,7/18/2010,207580077,7/18/2010,120
Europe,Sweden,Snacks,04-12-2011,742443025,4/15/2011,121
Sub-Saharan Africa,Gabon,Snacks,10-03-2010,164569461,10-05-2010,122
Sub-Saharan Africa,South Africa,Baby Food,12/29/2013,734945714,02-12-2014,123
Europe,United Kingdom,Clothes,9/19/2015,284870612,10-07-2015,124
Europe,Albania,Fruits,9/17/2011,765955483,10-07-2011,125
Asia,Malaysia,Snacks,03-11-2010,600124156,4/21/2010,126
Sub-Saharan Africa,Ghana,Household,11-10-2012,529612958,12-11-2012,127
Central America and the Caribbean,Cuba,Clothes,2/16/2011,466970717,3/18/2011,128
Central America and the Caribbean,Saint Lucia,Cosmetics,8/13/2012,845058763,9/22/2012,129
Europe,Romania,Snacks,8/28/2014,367050921,8/31/2014,130
Europe,Portugal,Office Supplies,8/19/2015,956433522,09-12-2015,131
Europe,Macedonia,Beverages,3/20/2011,107005393,05-04-2011,132
Asia,China,Beverages,4/16/2013,332877862,05-07-2013,133
Europe,Germany,Baby Food,11/13/2015,618474757,12/31/2015,134
Europe,Ireland,Household,01-10-2014,468532407,02-11-2014,135
Europe,Poland,Office Supplies,04-09-2015,358099639,4/29/2015,136
Sub-Saharan Africa,Namibia,Household,01-07-2013,382537782,1/27/2013,137
Asia,Uzbekistan,Personal Care,02-12-2013,707520663,3/15/2013,138
Sub-Saharan Africa,Zimbabwe,Meat,11/28/2014,219034612,12-10-2014,139
Asia,Mongolia,Meat,01-03-2015,573378455,1/17/2015,140
Europe,Norway,Personal Care,02-03-2011,347163522,3/22/2011,141
Middle East and North Africa,Oman,Snacks,04-09-2013,887313640,4/21/2013,142
Europe,Serbia,Cosmetics,7/26/2017,461065137,8/19/2017,143
Sub-Saharan Africa,Democratic Republic of the Congo,Fruits,4/15/2017,105966842,5/19/2017,144
Europe,Bulgaria,Baby Food,5/16/2014,479880082,5/23/2014,145
Asia,Brunei,Baby Food,08-12-2015,510978686,9/30/2015,146
Europe,Serbia,Snacks,9/20/2013,547748982,10/14/2013,147
Sub-Saharan Africa,Ghana,Cereal,10/31/2013,108989799,12-09-2013,148
Sub-Saharan Africa,Malawi,Cereal,7/30/2014,133812463,08-09-2014,149
Sub-Saharan Africa,Zimbabwe,Fruits,11-12-2011,731640803,12/30/2011,150
Europe,Cyprus,Snacks,3/25/2010,732211148,4/14/2010,151
Central America and the Caribbean,Nicaragua,Cereal,07-04-2011,835572326,08-08-2011,152
Europe,Estonia,Baby Food,01-01-2011,462085664,1/15/2011,153
Europe,Estonia,Clothes,6/16/2016,902424991,07-04-2016,154
Europe,Lithuania,Fruits,12/17/2013,367576634,01-05-2014,155
Sub-Saharan Africa,Republic of the Congo,Meat,03-01-2017,738839423,3/31/2017,156
Europe,Czech Republic,Baby Food,07-02-2010,817824685,7/27/2010,157
Sub-Saharan Africa,Cameroon,Snacks,7/16/2013,376456248,08-01-2013,158
Asia,Vietnam,Office Supplies,8/16/2016,606970441,9/16/2016,159
Europe,Moldova ,Meat,12/16/2014,971916091,1/19/2015,160
Middle East and North Africa,Bahrain,Office Supplies,5/14/2012,554154527,5/15/2012,161
Europe,Hungary,Household,7/18/2017,306859576,7/19/2017,162
Australia and Oceania,Marshall Islands,Personal Care,07-09-2017,803517568,7/21/2017,163
Middle East and North Africa,Iraq,Office Supplies,9/30/2011,887927329,10-02-2011,164
Europe,Albania,Vegetables,11/24/2015,824200189,11/26/2015,165
Sub-Saharan Africa,Lesotho,Office Supplies,8/14/2012,946759974,9/14/2012,166
Middle East and North Africa,Lebanon,Clothes,12-06-2015,310343015,12/28/2015,167
Europe,Hungary,Vegetables,5/25/2014,739998137,07-09-2014,168
Asia,Japan,Beverages,10/18/2012,981086671,11/21/2012,169
Europe,Georgia,Office Supplies,3/13/2013,749282443,3/25/2013,170
Europe,Estonia,Office Supplies,2/23/2011,280571782,03-11-2011,171
Europe,Luxembourg,Household,8/15/2014,781253516,09-01-2014,172
Sub-Saharan Africa,Swaziland,Personal Care,07-06-2017,377938973,07-11-2017,173
Europe,Romania,Clothes,12/31/2010,867551982,01-03-2011,174
Sub-Saharan Africa,Ethiopia,Personal Care,1/13/2010,967328870,1/15/2010,175
Sub-Saharan Africa,Chad,Office Supplies,9/17/2011,364818465,10/16/2011,176
Middle East and North Africa,Morocco,Office Supplies,03-08-2014,167882096,3/31/2014,177
North America,Mexico,Clothes,11/18/2012,654693591,12-01-2012,178
Sub-Saharan Africa,Nigeria,Personal Care,11/18/2011,823739278,12/29/2011,179
Central America and the Caribbean,Trinidad and Tobago,Beverages,07-12-2012,643817985,8/19/2012,180
Europe,Moldova ,Personal Care,3/30/2017,604041039,5/15/2017,181
Australia and Oceania,Solomon Islands,Personal Care,7/26/2010,363832271,09-12-2010,182
Asia,India,Personal Care,12/24/2015,102928006,1/31/2016,183
Sub-Saharan Africa,Burkina Faso,Office Supplies,5/15/2016,971377074,5/15/2016,184
Australia and Oceania,Kiribati,Meat,11-03-2010,139540803,12-04-2010,185
Middle East and North Africa,Israel,Meat,12-01-2010,248093020,12/16/2010,186
Sub-Saharan Africa,Comoros,Snacks,1/16/2014,858020055,1/17/2014,187
Middle East and North Africa,Iran,Baby Food,12-11-2014,700620734,01-05-2015,188
Asia,Vietnam,Cosmetics,12/24/2016,827506387,1/30/2017,189
Central America and the Caribbean,Belize,Household,3/21/2013,560600841,4/14/2013,190
Europe,Belarus,Personal Care,12-08-2012,642140424,1/16/2013,191
North America,United States of America,Baby Food,2/13/2015,984673964,03-05-2015,192
Europe,Poland,Beverages,3/28/2012,221062791,4/18/2012,193
North America,Canada,Vegetables,10-07-2016,654480731,11-08-2016,194
Middle East and North Africa,Israel,Beverages,12/15/2011,608414113,12/23/2011,195
Middle East and North Africa,Lebanon,Household,03-08-2016,276661765,4/20/2016,196
Europe,Andorra,Baby Food,1/18/2011,373335015,2/28/2011,197
Europe,Slovakia,Clothes,04-11-2013,782857692,5/28/2013,198
Sub-Saharan Africa,Liberia,Fruits,5/18/2010,109966123,06-05-2010,199
Central America and the Caribbean,Antigua and Barbuda ,Cereal,06-05-2017,629709136,06-06-2017,200
Asia,China,Personal Care,09-11-2012,637448060,9/15/2012,201
Sub-Saharan Africa,Niger,Baby Food,03-08-2017,298856723,04-03-2017,202
Europe,United Kingdom,Household,1/28/2015,299921452,2/23/2015,203
Asia,Bangladesh,Personal Care,7/26/2010,496941077,7/29/2010,204
Asia,Myanmar,Snacks,6/24/2016,366526925,7/14/2016,205
Australia and Oceania,Tonga,Meat,8/18/2012,355602824,9/15/2012,206
Sub-Saharan Africa,Guinea-Bissau,Vegetables,03-11-2010,531405103,4/19/2010,207
Australia and Oceania,Nauru,Vegetables,1/14/2010,131482589,1/20/2010,208
Sub-Saharan Africa,Swaziland,Cereal,02-10-2014,713696610,3/28/2014,209
Europe,Finland,Vegetables,1/21/2014,306220996,1/30/2014,210
Australia and Oceania,Papua New Guinea,Household,2/28/2010,157542073,3/15/2010,211
Sub-Saharan Africa,Mauritius ,Personal Care,2/18/2015,686458671,03-08-2015,212
Sub-Saharan Africa,Mozambique,Office Supplies,6/14/2012,132082116,7/22/2012,213
Europe,Bulgaria,Clothes,03-05-2013,403836238,04-03-2013,214
Europe,Spain,Household,04-10-2014,331457364,4/23/2014,215
Australia and Oceania,Vanuatu,Meat,7/26/2017,614994323,09-12-2017,216
Europe,Belgium,Fruits,10/19/2010,674808442,10/24/2010,217
Europe,Belgium,Baby Food,11-08-2016,901573550,12/23/2016,218
Sub-Saharan Africa,Guinea-Bissau,Clothes,3/31/2014,406275975,05-10-2014,219
Sub-Saharan Africa,Togo,Vegetables,8/18/2016,170214545,8/19/2016,220
Sub-Saharan Africa,Cote d'Ivoire,Personal Care,01-03-2016,795000588,01-08-2016,221
Sub-Saharan Africa,Republic of the Congo,Fruits,10/21/2016,252557933,11-04-2016,222
Middle East and North Africa,Libya,Baby Food,12-10-2016,635122907,12/13/2016,223
Australia and Oceania,East Timor,Vegetables,08-12-2011,505244338,9/19/2011,224
Europe,Switzerland,Clothes,3/23/2012,745783555,05-09-2012,225
Australia and Oceania,Palau,Snacks,4/27/2012,509914386,06-11-2012,226
Middle East and North Africa,Jordan,Household,1/29/2014,371123158,02-09-2014,227
Europe,Slovenia,Household,12/13/2016,973208701,12/28/2016,228
Asia,South Korea,Baby Food,11/21/2013,780282342,12/27/2013,229
Europe,Norway,Clothes,04-07-2010,126767909,5/22/2010,230
Middle East and North Africa,Afghanistan,Baby Food,07-08-2012,767401731,7/30/2012,231
Asia,Bangladesh,Personal Care,10/15/2016,927232635,11/24/2016,232
Sub-Saharan Africa,Guinea,Meat,9/18/2012,251621949,10/20/2012,233
Central America and the Caribbean,Cuba,Office Supplies,07-02-2017,256243503,7/23/2017,234
Europe,Russia,Cosmetics,7/21/2011,277083623,09-02-2011,235
Sub-Saharan Africa,Seychelles ,Vegetables,06-01-2010,620441138,6/22/2010,236
Asia,South Korea,Office Supplies,7/26/2015,312927377,09-07-2015,237
Sub-Saharan Africa,Ghana,Baby Food,08-06-2010,251466166,09-08-2010,238
Central America and the Caribbean,Costa Rica,Office Supplies,6/20/2010,953293836,7/22/2010,239
Europe,Romania,Cereal,04-08-2012,305959212,4/23/2012,240
Europe,Czech Republic,Cereal,2/27/2014,317323625,3/24/2014,241
Europe,Liechtenstein,Household,7/25/2011,365560901,09-01-2011,242
Sub-Saharan Africa,Seychelles ,Baby Food,2/18/2016,349157369,04-05-2016,243
Middle East and North Africa,Somalia,Baby Food,1/24/2014,236911857,2/25/2014,244
Australia and Oceania,Solomon Islands,Personal Care,05-10-2015,517935693,6/16/2015,245
Sub-Saharan Africa,Uganda,Clothes,2/13/2012,851652705,3/27/2012,246
Sub-Saharan Africa,Equatorial Guinea,Cereal,09-07-2012,517799222,10/23/2012,247
Central America and the Caribbean,Costa Rica,Office Supplies,02-04-2015,666424071,03-04-2015,248
Europe,Moldova ,Fruits,11/16/2010,267888581,12/22/2010,249
Sub-Saharan Africa,Burkina Faso,Vegetables,7/20/2011,162866580,7/26/2011,250
Central America and the Caribbean,Guatemala,Beverages,7/26/2014,812344396,8/30/2014,251
Sub-Saharan Africa,Swaziland,Meat,8/24/2014,947620856,09-03-2014,252
Asia,Maldives,Vegetables,2/25/2015,720307290,3/28/2015,253
Asia,Thailand,Household,9/21/2016,352327525,10/27/2016,254
Sub-Saharan Africa,Sudan,Household,6/28/2013,585917890,7/23/2013,255
Central America and the Caribbean,Costa Rica,Meat,01-05-2012,433627212,2/13/2012,256
Europe,Denmark,Beverages,05-01-2012,328316819,5/30/2012,257
Sub-Saharan Africa,Angola,Cereal,10/13/2011,773160541,11/21/2011,258
Australia and Oceania,Papua New Guinea,Household,4/27/2016,991644704,5/18/2016,259
Asia,North Korea,Meat,1/19/2014,277568137,02-07-2014,260
Central America and the Caribbean,El Salvador,Fruits,11-06-2016,245042169,12/15/2016,261
Sub-Saharan Africa,Burkina Faso,Household,2/28/2011,778490626,3/24/2011,262
Middle East and North Africa,Yemen,Baby Food,10-11-2014,482649838,11/13/2014,263
Sub-Saharan Africa,Republic of the Congo,Beverages,6/25/2012,732568633,07-05-2012,264
Europe,Andorra,Household,11-06-2012,723608338,11/23/2012,265
Central America and the Caribbean,Dominican Republic,Household,2/24/2014,621442782,4/14/2014,266
Middle East and North Africa,Israel,Baby Food,9/19/2015,212058293,10-06-2015,267
Australia and Oceania,Solomon Islands,Snacks,03-04-2014,251753699,3/24/2014,268
Sub-Saharan Africa,Liberia,Fruits,10-08-2014,217140328,10/30/2014,269
Sub-Saharan Africa,Mali,Vegetables,6/19/2012,555142009,07-10-2012,270
Asia,Uzbekistan,Clothes,11-11-2010,432995069,12/13/2010,271
Middle East and North Africa,Tunisia ,Personal Care,11-01-2010,888248336,11-07-2010,272
Europe,Vatican City,Vegetables,4/28/2014,778763139,05-09-2014,273
Sub-Saharan Africa,Djibouti,Snacks,12/22/2012,832713305,02-09-2013,274
Europe,Ukraine,Household,8/25/2014,498585164,9/29/2014,275
Australia and Oceania,East Timor,Fruits,11/26/2016,195177543,12/23/2016,276
Sub-Saharan Africa,Uganda,Cereal,10/20/2010,861601769,12-02-2010,277
Sub-Saharan Africa,Guinea,Meat,12/18/2014,807281672,1/26/2015,278
Sub-Saharan Africa,Equatorial Guinea,Clothes,3/20/2011,661953580,4/24/2011,279
Europe,Malta,Cosmetics,07-12-2016,225666320,8/21/2016,280
Europe,Cyprus,Household,1/26/2011,718781220,2/19/2011,281
Europe,Czech Republic,Office Supplies,2/24/2010,731972110,4/15/2010,282
Middle East and North Africa,Libya,Vegetables,01-02-2015,276225316,02-09-2015,283
Asia,Vietnam,Office Supplies,7/26/2016,332839667,7/27/2016,284
Middle East and North Africa,Jordan,Vegetables,06-01-2014,603426492,6/15/2014,285
Sub-Saharan Africa,Mali,Beverages,12/21/2012,859909617,1/29/2013,286
Europe,Czech Republic,Household,2/27/2010,494525372,03-02-2010,287
Europe,Slovakia,Vegetables,4/24/2016,769822585,5/15/2016,288
Sub-Saharan Africa,Zimbabwe,Vegetables,7/22/2012,768662583,08-10-2012,289
Central America and the Caribbean,Honduras,Cereal,2/22/2015,544219195,03-09-2015,290
Europe,Switzerland,Beverages,02-10-2011,669978749,3/20/2011,291
Sub-Saharan Africa,South Africa,Cosmetics,1/21/2015,889740073,1/26/2015,292
Sub-Saharan Africa,Uganda,Beverages,05-10-2012,567614495,6/28/2012,293
Middle East and North Africa,Iran,Vegetables,12/16/2015,938025844,1/21/2016,294
Middle East and North Africa,Algeria,Vegetables,2/25/2017,155710446,2/25/2017,295
Sub-Saharan Africa,Central African Republic,Baby Food,1/31/2012,945717132,2/13/2012,296
Central America and the Caribbean,The Bahamas,Cosmetics,02-07-2013,253407227,2/15/2013,297
Sub-Saharan Africa,South Africa,Household,9/14/2014,494454562,9/22/2014,298
Sub-Saharan Africa,Benin,Cereal,06-05-2012,104845464,7/24/2012,299
Europe,Hungary,Cosmetics,04-05-2014,290878760,04-07-2014,300
Europe,Austria,Office Supplies,02-02-2014,979165780,02-10-2014,301
Asia,Tajikistan,Office Supplies,09-01-2010,366630351,10-12-2010,302
Europe,Portugal,Office Supplies,5/17/2011,770508801,6/25/2011,303
Europe,Belgium,Beverages,4/21/2013,978349959,5/21/2013,304
Europe,Slovenia,Beverages,08-10-2014,298015153,8/14/2014,305
Europe,Czech Republic,Snacks,9/19/2010,807678210,10/30/2010,306
Australia and Oceania,Marshall Islands,Personal Care,4/13/2013,605825459,5/14/2013,307
Sub-Saharan Africa,Sudan,Fruits,1/28/2016,561255729,02-01-2016,308
Central America and the Caribbean,Dominican Republic,Clothes,12-09-2013,263080346,12/14/2013,309
Sub-Saharan Africa,Tanzania,Cereal,2/21/2014,270723140,03-09-2014,310
Europe,Switzerland,Clothes,06-09-2017,763920438,07-10-2017,311
North America,Greenland,Household,4/17/2014,192721068,5/20/2014,312
Australia and Oceania,Tonga,Fruits,5/20/2011,227486360,06-08-2011,313
Middle East and North Africa,Saudi Arabia,Vegetables,8/28/2012,808890140,9/22/2012,314
Central America and the Caribbean,Belize,Cosmetics,7/25/2015,597918736,09-11-2015,315
Sub-Saharan Africa,Angola,Cosmetics,10/27/2014,125870978,11/20/2014,316
Asia,Malaysia,Household,10/18/2013,444358193,10/21/2013,317
Sub-Saharan Africa,Ethiopia,Beverages,2/15/2013,875304210,03-12-2013,318
North America,Greenland,Baby Food,07-08-2014,360945355,8/16/2014,319
Sub-Saharan Africa,Benin,Cereal,12-12-2016,613830459,1/16/2017,320
Middle East and North Africa,Yemen,Cereal,11/24/2012,266820847,12-10-2012,321
Sub-Saharan Africa,Rwanda,Baby Food,11-03-2014,723090350,11/27/2014,322
Sub-Saharan Africa,Mauritania,Meat,08-03-2013,306125295,8/15/2013,323
Australia and Oceania,New Zealand,Personal Care,5/23/2012,109724509,6/16/2012,324
Australia and Oceania,Samoa ,Clothes,7/22/2015,847999322,08-06-2015,325
Australia and Oceania,Fiji,Clothes,02-01-2017,605373561,03-02-2017,326
Sub-Saharan Africa,Malawi,Beverages,1/28/2012,686583554,2/22/2012,327
Australia and Oceania,Marshall Islands,Beverages,08-03-2015,666678130,9/21/2015,328
Central America and the Caribbean,Grenada,Baby Food,6/23/2013,641018617,6/30/2013,329
Europe,Luxembourg,Meat,08-03-2011,775278842,9/22/2011,330
Sub-Saharan Africa,Zimbabwe,Meat,10/30/2016,855445134,12-06-2016,331
Asia,China,Vegetables,09-05-2010,737816321,9/21/2010,332
North America,United States of America,Beverages,7/13/2013,799003732,7/14/2013,333
Sub-Saharan Africa,Central African Republic,Vegetables,10-09-2012,585931193,11/21/2012,334
Central America and the Caribbean,Antigua and Barbuda ,Vegetables,01-03-2012,165835034,01-05-2012,335
Central America and the Caribbean,Guatemala,Baby Food,02-08-2012,576264083,3/14/2012,336
Middle East and North Africa,Qatar,Clothes,01-03-2015,675079667,01-07-2015,337
Middle East and North Africa,Israel,Personal Care,5/13/2012,290455615,5/28/2012,338
Asia,Thailand,Snacks,1/13/2012,670878255,2/15/2012,339
Asia,Singapore,Cereal,7/30/2011,435146415,08-12-2011,340
Asia,North Korea,Snacks,3/13/2017,522371423,04-08-2017,341
Europe,Austria,Office Supplies,3/23/2017,141977107,4/18/2017,342
Asia,Japan,Baby Food,3/16/2016,823699796,4/19/2016,343
Sub-Saharan Africa,Zimbabwe,Beverages,12/18/2015,567588317,12/26/2015,344
Europe,Lithuania,Fruits,10/25/2011,594003999,11/16/2011,345
Europe,Luxembourg,Baby Food,6/30/2011,393620669,08-02-2011,346
Sub-Saharan Africa,Central African Republic,Cosmetics,3/27/2016,877424657,04-10-2016,347
Europe,Norway,Household,12/23/2016,326714789,1/21/2017,348
Sub-Saharan Africa,Democratic Republic of the Congo,Fruits,4/18/2013,243102395,4/18/2013,349
Australia and Oceania,New Zealand,Household,03-08-2017,398511302,4/20/2017,350
Europe,Ukraine,Personal Care,06-03-2011,185177838,07-04-2011,351
Asia,Taiwan,Personal Care,11/30/2013,865650832,12/31/2013,352
Europe,Italy,Cereal,05-11-2013,622791612,5/31/2013,353
Europe,Finland,Personal Care,11/13/2010,409774005,11/27/2010,354
Sub-Saharan Africa,Sudan,Office Supplies,03-09-2016,800084340,4/21/2016,355
Europe,Croatia,Snacks,8/19/2013,637521445,09-12-2013,356
Sub-Saharan Africa,Mauritania,Beverages,4/19/2011,186196649,5/28/2011,357
Australia and Oceania,New Zealand,Baby Food,7/20/2014,680533778,7/25/2014,358
Middle East and North Africa,Pakistan,Beverages,09-08-2014,275269162,9/15/2014,359
Europe,Poland,Household,06-04-2015,795451629,6/19/2015,360
Europe,Lithuania,Cereal,12/19/2013,986442506,01-01-2014,361
Middle East and North Africa,Pakistan,Cereal,5/18/2012,563915622,06-10-2012,362
Australia and Oceania,East Timor,Cosmetics,10-12-2013,663857305,11/13/2013,363
Australia and Oceania,Marshall Islands,Fruits,01-02-2011,692566382,1/14/2011,364
Central America and the Caribbean,Cuba,Household,02-02-2013,576654183,02-03-2013,365
North America,Greenland,Baby Food,3/19/2011,313044536,4/14/2011,366
Europe,Luxembourg,Personal Care,10-03-2012,418973767,10/27/2012,367
Middle East and North Africa,Israel,Beverages,10/23/2014,581990706,11/15/2014,368
Sub-Saharan Africa,Djibouti,Baby Food,07-12-2015,109956681,7/24/2015,369
Europe,Bulgaria,Cereal,05-06-2010,181045520,5/27/2010,370
Asia,Mongolia,Vegetables,11/27/2010,693743550,01-09-2011,371
Central America and the Caribbean,Dominican Republic,Clothes,12/26/2010,716849601,12/31/2010,372
Middle East and North Africa,Yemen,Cosmetics,12/30/2012,739474999,01-01-2013,373
Australia and Oceania,Federated States of Micronesia,Personal Care,8/21/2016,421043574,09-07-2016,374
Europe,Finland,Personal Care,02-03-2015,841291654,3/20/2015,375
Central America and the Caribbean,The Bahamas,Cereal,12/19/2013,450268065,01-04-2014,376
Central America and the Caribbean,Grenada,Meat,05-12-2012,918334138,06-12-2012,377
Sub-Saharan Africa,Sao Tome and Principe,Meat,3/28/2014,386163699,4/19/2014,378
Central America and the Caribbean,El Salvador,Personal Care,01-11-2017,214743077,2/18/2017,379
Europe,Sweden,Baby Food,6/21/2015,935371100,07-06-2015,380
Asia,Turkmenistan,Cosmetics,11/29/2012,899659097,12-03-2012,381
Europe,Monaco,Vegetables,01-01-2010,329530894,2/13/2010,382
Middle East and North Africa,Turkey,Meat,01-06-2016,867222821,02-06-2016,383
Sub-Saharan Africa,Mozambique,Beverages,10/14/2014,625283706,10/23/2014,384
Middle East and North Africa,Yemen,Office Supplies,12-09-2013,936574876,01-09-2014,385
Asia,Philippines,Cereal,10/19/2010,504270160,11/25/2010,386
Sub-Saharan Africa,Democratic Republic of the Congo,Personal Care,05-02-2011,351855885,06-02-2011,387
Australia and Oceania,Fiji,Snacks,3/17/2011,673130881,3/23/2011,388
Europe,Macedonia,Office Supplies,9/24/2014,382206475,10/13/2014,389
Middle East and North Africa,Tunisia ,Cereal,12-01-2015,263506495,12/14/2015,390
Europe,Liechtenstein,Cereal,06-02-2017,721767270,7/18/2017,391
Middle East and North Africa,Qatar,Cosmetics,08-04-2011,432037627,8/18/2011,392
Australia and Oceania,Tonga,Meat,7/29/2014,389678895,8/24/2014,393
Europe,Belgium,Meat,1/26/2017,760364902,2/24/2017,394
Sub-Saharan Africa,Chad,Fruits,11-05-2010,430081975,12-09-2010,395
Asia,Thailand,Baby Food,3/26/2015,155128943,05-05-2015,396
Europe,Iceland,Clothes,10-07-2012,312117135,10/16/2012,397
Central America and the Caribbean,Saint Lucia,Meat,7/22/2013,447970378,09-02-2013,398
Asia,Japan,Cosmetics,8/16/2013,629925000,8/18/2013,399
Asia,India,Personal Care,11-05-2013,995529830,12/17/2013,400
Australia and Oceania,Vanuatu,Office Supplies,03-01-2016,402646195,3/28/2016,401
Sub-Saharan Africa,Chad,Meat,3/25/2012,479447925,04-04-2012,402
Sub-Saharan Africa,Malawi,Cosmetics,6/20/2017,674421346,6/29/2017,403
Europe,Finland,Cosmetics,4/18/2014,506365287,5/16/2014,404
Middle East and North Africa,Turkey,Clothes,6/28/2016,914391076,08-04-2016,405
Sub-Saharan Africa,South Africa,Meat,5/20/2012,207922542,07-01-2012,406
Europe,Lithuania,Office Supplies,02-04-2014,816696012,2/16/2014,407
Europe,Russia,Beverages,11/15/2015,740760314,11/21/2015,408
Central America and the Caribbean,The Bahamas,Baby Food,01-11-2013,300476777,2/28/2013,409
Central America and the Caribbean,The Bahamas,Snacks,4/24/2013,786519229,06-07-2013,410
Middle East and North Africa,Turkey,Cosmetics,5/15/2010,409873998,06-03-2010,411
Sub-Saharan Africa,Mauritius ,Cosmetics,4/17/2010,151839911,5/22/2010,412
Europe,Bulgaria,Vegetables,8/25/2012,614028298,09-09-2012,413
Middle East and North Africa,Iran,Household,4/19/2014,668362987,5/13/2014,414
Sub-Saharan Africa,Ghana,Household,2/26/2013,607080304,04-05-2013,415
Sub-Saharan Africa,Malawi,Baby Food,12/28/2011,792729079,1/17/2012,416
Sub-Saharan Africa,Zimbabwe,Baby Food,8/21/2014,308170640,10-10-2014,417
Asia,Tajikistan,Vegetables,8/21/2014,106578814,10-02-2014,418
Europe,Czech Republic,Cereal,03-02-2014,761439931,3/28/2014,419
Sub-Saharan Africa,Mauritius ,Household,09-06-2012,216552817,9/27/2012,420
Sub-Saharan Africa,Lesotho,Fruits,9/16/2010,536028802,9/22/2010,421
Sub-Saharan Africa,Mali,Beverages,8/13/2013,254291713,8/15/2013,422
Europe,Georgia,Personal Care,09-11-2012,226077878,10/23/2012,423
Europe,Albania,Office Supplies,8/31/2011,476436126,10/15/2011,424
Europe,Cyprus,Cosmetics,4/21/2015,650727784,06-06-2015,425
Central America and the Caribbean,Saint Kitts and Nevis ,Household,07-11-2010,464626681,7/27/2010,426
Middle East and North Africa,Tunisia ,Meat,08-09-2015,154119145,9/21/2015,427
Central America and the Caribbean,Cuba,Meat,10/17/2015,925504004,12-06-2015,428
Australia and Oceania,Kiribati,Cereal,7/24/2012,905392587,8/16/2012,429
Asia,Cambodia,Snacks,3/25/2012,990708720,05-04-2012,430
Europe,Moldova ,Baby Food,08-11-2014,798688733,9/18/2014,431
Asia,Uzbekistan,Cereal,10/15/2016,916881453,11/28/2016,432
Asia,India,Cosmetics,12-03-2016,653148210,1/21/2017,433
Europe,Germany,Personal Care,06-12-2010,285662829,7/13/2010,434
Europe,Austria,Vegetables,7/29/2016,612911641,8/31/2016,435
Europe,Germany,Office Supplies,12-09-2013,703693473,01-12-2014,436
Asia,Bhutan,Clothes,07-12-2012,147119653,08-09-2012,437
Asia,Kyrgyzstan,Fruits,1/14/2012,402614009,03-02-2012,438
Middle East and North Africa,Somalia,Personal Care,3/20/2013,749912869,4/25/2013,439
Central America and the Caribbean,Saint Lucia,Household,02-10-2014,539065062,03-10-2014,440
Europe,Armenia,Snacks,10/26/2013,540431916,11/15/2013,441
North America,Canada,Beverages,4/16/2016,694687259,06-02-2016,442
Sub-Saharan Africa,Burundi,Cosmetics,5/27/2011,562817418,06-02-2011,443
Europe,Liechtenstein,Cereal,08-04-2016,676121222,09-09-2016,444
Middle East and North Africa,Tunisia ,Snacks,07-03-2012,286210000,08-05-2012,445
Middle East and North Africa,Iraq,Beverages,12-04-2014,515007579,01-11-2015,446
Asia,Indonesia,Cosmetics,5/31/2010,304750287,06-01-2010,447
Asia,Kazakhstan,Beverages,02-05-2013,467986953,2/17/2013,448
Europe,Denmark,Beverages,6/15/2015,537578904,07-09-2015,449
Europe,Luxembourg,Vegetables,10/21/2014,116699969,11/18/2014,450
Sub-Saharan Africa,Cape Verde,Snacks,2/13/2017,228836476,3/13/2017,451
Australia and Oceania,Palau,Vegetables,6/29/2010,167787253,7/16/2010,452
Australia and Oceania,Australia,Vegetables,5/19/2014,647663629,5/20/2014,453
Central America and the Caribbean,Nicaragua,Meat,3/21/2015,652889430,4/15/2015,454
Asia,Laos,Office Supplies,8/31/2015,588200986,10/15/2015,455
Central America and the Caribbean,Cuba,Personal Care,8/23/2015,928647124,8/30/2015,456
Europe,Moldova ,Cosmetics,2/24/2016,869589173,3/17/2016,457
Middle East and North Africa,Syria,Household,6/17/2015,576700961,7/23/2015,458
Central America and the Caribbean,The Bahamas,Cereal,11/27/2012,735968816,12-06-2012,459
Europe,Belarus,Snacks,09-07-2012,303691565,10/19/2012,460
Middle East and North Africa,United Arab Emirates,Clothes,6/23/2012,556480538,08-07-2012,461
Sub-Saharan Africa,Angola,Beverages,10/23/2014,141259562,11-11-2014,462
Central America and the Caribbean,Cuba,Cosmetics,9/18/2015,925264966,10/18/2015,463
Europe,Ukraine,Office Supplies,1/24/2016,346045577,2/20/2016,464
Sub-Saharan Africa,Mozambique,Fruits,3/23/2010,861462724,4/19/2010,465
Europe,Armenia,Personal Care,7/26/2012,499690234,8/28/2012,466
North America,Greenland,Clothes,10/20/2015,509214437,11-02-2015,467
Central America and the Caribbean,Saint Kitts and Nevis ,Office Supplies,6/27/2017,408834159,7/18/2017,468
Europe,Vatican City,Beverages,04-04-2016,237660729,4/30/2016,469
Europe,Ukraine,Clothes,08-05-2015,105117976,09-09-2015,470
Sub-Saharan Africa,Niger,Cereal,6/16/2012,640942227,07-04-2012,471
Asia,Myanmar,Cosmetics,04-03-2016,745182311,05-05-2016,472
Sub-Saharan Africa,Guinea,Baby Food,9/21/2014,738199555,9/21/2014,473
Sub-Saharan Africa,Guinea-Bissau,Snacks,08-08-2015,110667788,09-10-2015,474
Sub-Saharan Africa,South Sudan,Office Supplies,7/19/2012,673573338,7/20/2012,475
Middle East and North Africa,Turkey,Snacks,8/26/2011,708215034,9/13/2011,476
Australia and Oceania,Palau,Household,6/23/2012,816204202,07-01-2012,477
Europe,Poland,Beverages,11/20/2011,769464671,12/24/2011,478
Asia,Malaysia,Beverages,5/13/2015,860232770,06-04-2015,479
North America,United States of America,Personal Care,7/16/2010,551057326,8/22/2010,480
Europe,Switzerland,Cosmetics,5/21/2016,724799668,5/27/2016,481
Australia and Oceania,Papua New Guinea,Cosmetics,4/22/2011,534633624,06-08-2011,482
Sub-Saharan Africa,Namibia,Beverages,8/14/2012,554045522,9/20/2012,483
Europe,Ireland,Clothes,3/17/2012,526834189,05-02-2012,484
Sub-Saharan Africa,Mozambique,Household,08-06-2010,717110955,08-09-2010,485
Sub-Saharan Africa,Democratic Republic of the Congo,Baby Food,2/25/2013,559299647,3/26/2013,486
North America,United States of America,Meat,03-06-2011,908136594,03-10-2011,487
Middle East and North Africa,Azerbaijan,Office Supplies,12/14/2015,888670623,12/16/2015,488
Europe,Belgium,Office Supplies,02-10-2017,146263062,2/16/2017,489
Asia,Taiwan,Office Supplies,9/20/2016,196587741,10/28/2016,490
Central America and the Caribbean,Panama,Baby Food,4/30/2010,375630986,06-02-2010,491
Europe,Andorra,Beverages,6/25/2013,989691627,07-10-2013,492
Europe,Georgia,Household,07-04-2012,165380990,7/27/2012,493
Central America and the Caribbean,Barbados,Snacks,9/21/2013,599622905,10/22/2013,494
Europe,Sweden,Personal Care,12-08-2016,109653699,01-06-2017,495
Middle East and North Africa,Algeria,Meat,09-02-2011,183022201,10/15/2011,496
Europe,Italy,Personal Care,3/21/2011,127589738,04-02-2011,497
Europe,Russia,Fruits,01-08-2011,221530139,1/26/2011,498
Central America and the Caribbean,Antigua and Barbuda ,Office Supplies,2/22/2015,363329732,2/22/2015,499
Middle East and North Africa,Jordan,Fruits,5/15/2017,521787345,6/25/2017,500
Sub-Saharan Africa,Mali,Meat,7/14/2012,286014306,8/15/2012,501
Middle East and North Africa,Somalia,Cereal,6/25/2015,215434443,6/30/2015,502
Middle East and North Africa,Kuwait,Snacks,10/26/2011,489784085,11-01-2011,503
Sub-Saharan Africa,Liberia,Office Supplies,9/24/2014,459112060,10-12-2014,504
Asia,China,Office Supplies,9/30/2015,893779695,11-07-2015,505
Europe,Andorra,Meat,3/31/2011,834460818,3/31/2011,506
Sub-Saharan Africa,Niger,Beverages,10/25/2013,742141759,10/28/2013,507
Europe,Hungary,Vegetables,08-12-2010,248121345,9/14/2010,508
Europe,Monaco,Clothes,7/26/2012,404010903,09-04-2012,509
Australia and Oceania,Tuvalu,Household,9/30/2012,531734263,10-12-2012,510
Sub-Saharan Africa,South Sudan,Baby Food,11-09-2012,473527753,12/29/2012,511
Europe,Cyprus,Cereal,11/19/2011,141940200,01-02-2012,512
Europe,Poland,Household,06-09-2017,869832932,7/25/2017,513
Sub-Saharan Africa,Liberia,Snacks,9/17/2011,460379779,11-04-2011,514
Sub-Saharan Africa,Cote d'Ivoire,Vegetables,10/23/2015,837067067,10/26/2015,515
Asia,Kyrgyzstan,Beverages,04-03-2010,393693625,04-09-2010,516
Europe,Slovakia,Vegetables,07-03-2014,744370782,7/14/2014,517
Asia,Malaysia,Cosmetics,12/30/2014,873522365,1/13/2015,518
Sub-Saharan Africa,Liberia,Beverages,5/19/2014,285884702,06-10-2014,519
Australia and Oceania,Vanuatu,Cosmetics,08-04-2012,356506621,09-03-2012,520
Australia and Oceania,Kiribati,Baby Food,8/15/2010,280749452,10-01-2010,521
Middle East and North Africa,Turkey,Baby Food,4/26/2014,224287021,5/17/2014,522
Europe,San Marino,Fruits,06-10-2015,873105657,6/23/2015,523
Europe,Vatican City,Snacks,08-12-2010,283504188,09-02-2010,524
Middle East and North Africa,Morocco,Beverages,8/28/2012,632093942,09-05-2012,525
Sub-Saharan Africa,Equatorial Guinea,Meat,7/15/2016,565798747,08-09-2016,526
Middle East and North Africa,Jordan,Vegetables,9/14/2010,151854932,10/19/2010,527
Asia,Kyrgyzstan,Vegetables,03-07-2011,427811324,4/16/2011,528
Sub-Saharan Africa,Republic of the Congo,Fruits,4/30/2012,251529252,05-05-2012,529
Australia and Oceania,East Timor,Snacks,5/18/2013,351182544,6/22/2013,530
Europe,Estonia,Meat,08-10-2014,175257527,9/25/2014,531
Asia,Bangladesh,Snacks,7/31/2013,142553031,09-11-2013,532
Sub-Saharan Africa,Senegal,Fruits,07-02-2016,292180383,8/15/2016,533
Middle East and North Africa,Pakistan,Fruits,9/13/2011,733563411,9/20/2011,534
Europe,Czech Republic,Beverages,4/18/2011,296438443,4/19/2011,535
Sub-Saharan Africa,Ghana,Meat,02-09-2017,580854308,3/18/2017,536
Asia,Japan,Cosmetics,11/20/2016,107172334,12/23/2016,537
Asia,Kazakhstan,Baby Food,10/16/2010,166066348,12-05-2010,538
Central America and the Caribbean,The Bahamas,Snacks,3/15/2015,768522679,3/27/2015,539
Sub-Saharan Africa,Ethiopia,Household,6/25/2013,195840156,7/25/2013,540
Sub-Saharan Africa,Burkina Faso,Cosmetics,10-11-2012,849630105,11-09-2012,541
Sub-Saharan Africa,Madagascar,Fruits,07-08-2017,701816356,7/30/2017,542
Europe,Netherlands,Office Supplies,6/22/2010,944635236,7/27/2010,543
Europe,Greece,Vegetables,2/17/2017,140635573,3/21/2017,544
Middle East and North Africa,Egypt,Meat,1/14/2011,972678697,2/25/2011,545
Sub-Saharan Africa,South Sudan,Fruits,01-09-2016,793938434,02-08-2016,546
Europe,Kosovo,Baby Food,7/18/2011,177901113,8/13/2011,547
Asia,Brunei,Beverages,3/16/2012,668365561,05-04-2012,548
Australia and Oceania,Australia,Vegetables,12/15/2010,729443109,01-12-2011,549
Sub-Saharan Africa,Cape Verde,Fruits,03-02-2013,695557582,04-03-2013,550
Sub-Saharan Africa,Malawi,Household,2/17/2010,521445310,04-04-2010,551
Asia,Philippines,Personal Care,2/19/2013,232155120,3/30/2013,552
Europe,Estonia,Beverages,10/28/2011,373048341,12-12-2011,553
Central America and the Caribbean,Trinidad and Tobago,Office Supplies,10/26/2015,659798800,12-02-2015,554
Asia,Mongolia,Household,02-05-2013,428392827,02-05-2013,555
Asia,Japan,Personal Care,8/25/2011,885129249,09-03-2011,556
Sub-Saharan Africa,Niger,Meat,12-04-2012,156619393,12-05-2012,557
Middle East and North Africa,Egypt,Baby Food,09-08-2015,939787089,09-09-2015,558
Central America and the Caribbean,Saint Lucia,Vegetables,03-01-2012,151868665,4/19/2012,559
Middle East and North Africa,Qatar,Cereal,08-05-2014,180412948,8/24/2014,560
Sub-Saharan Africa,Mali,Fruits,7/24/2013,333281266,7/28/2013,561
Central America and the Caribbean,Saint Lucia,Cosmetics,1/26/2012,888647449,2/28/2012,562
Sub-Saharan Africa,Swaziland,Clothes,03-10-2014,844997823,4/26/2014,563
Asia,Mongolia,Fruits,09-12-2013,171131217,10-08-2013,564
Sub-Saharan Africa,Botswana,Office Supplies,01-05-2013,256158959,1/18/2013,565
Europe,San Marino,Cosmetics,10/28/2011,759504878,12-08-2011,566
Middle East and North Africa,Oman,Fruits,11/21/2010,960905301,11/25/2010,567
Asia,Bangladesh,Office Supplies,10/28/2015,210409057,12-04-2015,568
Sub-Saharan Africa,Namibia,Cosmetics,7/29/2010,178377473,09-01-2010,569
Asia,Mongolia,Fruits,3/30/2014,805484378,05-01-2014,570
Asia,North Korea,Beverages,9/14/2016,752716100,10-12-2016,571
Europe,Latvia,Clothes,09-06-2012,551371467,9/15/2012,572
Sub-Saharan Africa,Burundi,Snacks,02-08-2013,353061807,03-05-2013,573
Sub-Saharan Africa,Seychelles ,Personal Care,1/17/2011,379710948,1/30/2011,574
Sub-Saharan Africa,Kenya,Cereal,10-11-2015,473555219,11-06-2015,575
Sub-Saharan Africa,Benin,Office Supplies,2/21/2011,547143447,2/23/2011,576
Central America and the Caribbean,Saint Lucia,Personal Care,4/29/2012,133336961,6/13/2012,577
Middle East and North Africa,Qatar,Meat,8/30/2016,635309588,10/14/2016,578
Sub-Saharan Africa,Mozambique,Beverages,12/20/2014,376547658,12/26/2014,579
Middle East and North Africa,Pakistan,Clothes,6/28/2010,450849997,7/21/2010,580
Asia,Taiwan,Personal Care,02-06-2015,672327935,02-06-2015,581
Central America and the Caribbean,Cuba,Cereal,3/30/2015,925405299,05-01-2015,582
Central America and the Caribbean,Cuba,Household,7/28/2013,714818418,8/24/2013,583
Europe,Russia,Beverages,01-06-2010,515616118,02-05-2010,584
Europe,Switzerland,Cereal,2/20/2013,423159730,04-11-2013,585
Europe,Czech Republic,Personal Care,8/25/2013,603123080,9/29/2013,586
Europe,Poland,Meat,11/16/2010,841492497,12/31/2010,587
Sub-Saharan Africa,Mauritius ,Cereal,08-02-2016,994566810,09-01-2016,588
Middle East and North Africa,Pakistan,Vegetables,4/25/2013,538957345,4/25/2013,589
Sub-Saharan Africa,South Africa,Fruits,03-02-2011,821587932,03-11-2011,590
Sub-Saharan Africa,Seychelles ,Household,9/28/2013,109694898,10/16/2013,591
Sub-Saharan Africa,Benin,Meat,05-05-2014,340827071,06-05-2014,592
Sub-Saharan Africa,Benin,Meat,11/28/2014,372845780,12-09-2014,593
Central America and the Caribbean,Nicaragua,Fruits,8/30/2014,933924853,9/13/2014,594
Middle East and North Africa,Lebanon,Office Supplies,11/20/2013,572550618,11/25/2013,595
Europe,Moldova ,Meat,2/23/2010,607521903,04-05-2010,596
Middle East and North Africa,Tunisia ,Snacks,3/20/2017,177950036,4/29/2017,597
Australia and Oceania,Vanuatu,Beverages,11-08-2015,293258845,11/14/2015,598
Sub-Saharan Africa,South Sudan,Beverages,08-09-2010,683184659,8/23/2010,599
Europe,Sweden,Cereal,11-12-2010,247776305,11/30/2010,600
Europe,Ireland,Meat,12/14/2011,207395112,1/26/2012,601
Europe,Italy,Vegetables,01-10-2014,952714908,2/25/2014,602
Europe,Bosnia and Herzegovina,Vegetables,10-03-2010,694722020,10-03-2010,603
Europe,Bosnia and Herzegovina,Household,10/15/2015,414715278,11-04-2015,604
Europe,Poland,Snacks,7/20/2013,714306008,8/17/2013,605
Middle East and North Africa,Kuwait,Snacks,1/19/2016,465418040,2/26/2016,606
Sub-Saharan Africa,Sudan,Cereal,8/17/2013,860287702,09-11-2013,607
Middle East and North Africa,Saudi Arabia,Vegetables,8/16/2016,461463820,8/20/2016,608
Sub-Saharan Africa,Swaziland,Baby Food,9/25/2013,151807725,9/29/2013,609
Sub-Saharan Africa,Rwanda,Meat,8/21/2013,884493243,10-02-2013,610
Asia,Cambodia,Cosmetics,12-10-2010,533006703,1/23/2011,611
Sub-Saharan Africa,Central African Republic,Vegetables,09-04-2012,641146934,10-04-2012,612
Asia,Maldives,Cosmetics,10/15/2011,573025262,11/14/2011,613
Sub-Saharan Africa,Djibouti,Household,8/26/2013,663065516,09-09-2013,614
Asia,Tajikistan,Beverages,2/17/2017,866004025,03-04-2017,615
Asia,Sri Lanka,Baby Food,10/19/2010,306889617,10/21/2010,616
Europe,Montenegro,Personal Care,7/30/2014,431083619,08-10-2014,617
Middle East and North Africa,United Arab Emirates,Personal Care,5/21/2015,954259860,06-04-2015,618
Central America and the Caribbean,Dominican Republic,Personal Care,05-05-2016,312404668,6/21/2016,619
Sub-Saharan Africa,Seychelles ,Office Supplies,4/14/2010,611816871,5/16/2010,620
Europe,Iceland,Office Supplies,10/26/2013,879107797,11-02-2013,621
Sub-Saharan Africa,Nigeria,Vegetables,7/21/2010,211201274,09-09-2010,622
Sub-Saharan Africa,Rwanda,Fruits,06-09-2015,925333631,7/25/2015,623
Europe,Hungary,Snacks,06-03-2010,909053695,6/27/2010,624
Europe,Belarus,Baby Food,5/17/2016,370222795,06-11-2016,625
Sub-Saharan Africa,South Sudan,Cosmetics,08-03-2013,487014758,8/30/2013,626
Europe,Andorra,Vegetables,9/15/2013,257915914,10-06-2013,627
Asia,Japan,Meat,07-02-2010,551725089,08-10-2010,628
Central America and the Caribbean,El Salvador,Meat,12/18/2013,957553613,01-10-2014,629
Sub-Saharan Africa,Kenya,Office Supplies,3/19/2016,234825313,3/23/2016,630
Europe,Bosnia and Herzegovina,Snacks,06-09-2010,363276517,07-09-2010,631
Europe,Andorra,Personal Care,5/21/2017,692956054,6/23/2017,632
Sub-Saharan Africa,Cape Verde,Cosmetics,06-12-2013,194225251,6/19/2013,633
Australia and Oceania,Nauru,Fruits,2/22/2010,607757937,04-05-2010,634
Europe,Czech Republic,Cereal,6/29/2012,594540441,7/30/2012,635
Europe,Serbia,Vegetables,3/23/2015,685871589,04-05-2015,636
Australia and Oceania,Tuvalu,Cereal,02-12-2014,133362710,3/23/2014,637
Sub-Saharan Africa,Madagascar,Clothes,5/22/2017,958937633,07-05-2017,638
Sub-Saharan Africa,Ethiopia,Vegetables,08-06-2011,304832684,09-06-2011,639
Asia,Malaysia,Baby Food,11/14/2010,783596694,12/24/2010,640
Sub-Saharan Africa,Tanzania,Household,04-05-2015,128090989,4/27/2015,641
Sub-Saharan Africa,Cote d'Ivoire,Vegetables,07-08-2014,641489398,7/28/2014,642
Australia and Oceania,Solomon Islands,Clothes,08-09-2014,647278249,9/16/2014,643
Europe,Netherlands,Clothes,3/13/2011,339256370,3/31/2011,644
Sub-Saharan Africa,Mali,Baby Food,03-02-2016,431535089,3/19/2016,645
Middle East and North Africa,Afghanistan,Cereal,12/19/2015,808538234,1/16/2016,646
Europe,Moldova ,Personal Care,3/28/2013,975002133,04-07-2013,647
Asia,Bhutan,Snacks,6/27/2015,505975615,07-04-2015,648
Asia,Vietnam,Vegetables,2/18/2016,396820008,3/20/2016,649
Europe,Portugal,Vegetables,6/14/2013,813209140,07-10-2013,650
Europe,Spain,Baby Food,05-10-2014,641129338,5/14/2014,651
Middle East and North Africa,Egypt,Meat,6/17/2015,636879432,07-03-2015,652
Europe,Belgium,Snacks,06-11-2014,277070748,07-02-2014,653
Asia,Malaysia,Cosmetics,11-03-2013,908627116,11/24/2013,654
Central America and the Caribbean,Dominican Republic,Cosmetics,04-02-2017,798784863,05-02-2017,655
Europe,Estonia,Beverages,5/28/2010,985092818,7/17/2010,656
Sub-Saharan Africa,Burundi,Snacks,5/22/2010,325412309,07-07-2010,657
Europe,Latvia,Beverages,06-02-2016,447917163,6/24/2016,658
Asia,Tajikistan,Meat,8/22/2013,801093709,10-05-2013,659
Sub-Saharan Africa,Zimbabwe,Fruits,10-05-2014,903740775,10/23/2014,660
Sub-Saharan Africa,Comoros,Meat,10/31/2010,794969689,11/13/2010,661
Sub-Saharan Africa,Namibia,Clothes,11/27/2012,584204280,01-01-2013,662
Europe,Slovenia,Cereal,5/22/2010,901180875,5/26/2010,663
Europe,Bulgaria,Snacks,8/31/2012,645948302,9/29/2012,664
Sub-Saharan Africa,Guinea-Bissau,Cereal,1/23/2015,138867890,2/22/2015,665
Sub-Saharan Africa,Lesotho,Beverages,03-02-2010,670613467,3/21/2010,666
Asia,Sri Lanka,Cosmetics,05-09-2014,452171361,5/27/2014,667
Australia and Oceania,East Timor,Snacks,12/28/2010,464840400,02-05-2011,668
Europe,Belarus,Household,10/19/2014,410231912,10/24/2014,669
Sub-Saharan Africa,Benin,Meat,1/21/2015,960269725,2/22/2015,670
Europe,Ireland,Beverages,04-04-2017,607190167,5/18/2017,671
Middle East and North Africa,Iran,Meat,08-05-2016,613542068,08-11-2016,672
Sub-Saharan Africa,Benin,Household,11/26/2016,962186753,01-12-2017,673
Sub-Saharan Africa,South Sudan,Beverages,9/23/2011,806298053,10/24/2011,674
Sub-Saharan Africa,Comoros,Personal Care,10/24/2010,719362294,12-03-2010,675
Europe,Poland,Baby Food,8/14/2013,445178306,9/22/2013,676
Europe,Bosnia and Herzegovina,Cosmetics,02-04-2013,247857415,2/15/2013,677
Sub-Saharan Africa,Namibia,Vegetables,08-11-2014,461823451,09-04-2014,678
Europe,Spain,Office Supplies,01-12-2017,141812741,1/24/2017,679
Middle East and North Africa,Iran,Meat,07-03-2016,212874114,8/17/2016,680
Central America and the Caribbean,Guatemala,Office Supplies,3/27/2010,320368897,04-02-2010,681
Australia and Oceania,East Timor,Beverages,06-05-2015,179970920,6/25/2015,682
Middle East and North Africa,Bahrain,Household,6/27/2012,927666509,7/17/2012,683
Sub-Saharan Africa,Ethiopia,Office Supplies,12/19/2016,169754493,1/20/2017,684
Australia and Oceania,Solomon Islands,Personal Care,03-09-2015,532846200,4/20/2015,685
Central America and the Caribbean,Belize,Snacks,6/18/2013,213865458,7/13/2013,686
Asia,Sri Lanka,Office Supplies,08-12-2011,630048596,09-03-2011,687
Central America and the Caribbean,Costa Rica,Clothes,4/17/2014,568944442,4/24/2014,688
Sub-Saharan Africa,Nigeria,Baby Food,02-03-2012,238414323,2/27/2012,689
Middle East and North Africa,Iran,Office Supplies,08-01-2015,816632068,9/19/2015,690
Sub-Saharan Africa,Djibouti,Baby Food,09-11-2013,402084004,10-05-2013,691
Asia,South Korea,Snacks,05-08-2015,763568961,06-07-2015,692
Central America and the Caribbean,Dominica,Snacks,5/22/2015,590198266,06-01-2015,693
Asia,Vietnam,Snacks,07-03-2013,441395747,8/19/2013,694
Europe,Norway,Personal Care,6/16/2010,496897733,7/21/2010,695
Central America and the Caribbean,Haiti,Beverages,11-08-2011,106753051,11/14/2011,696
Central America and the Caribbean,Jamaica,Fruits,10/17/2016,941323029,10/27/2016,697
Sub-Saharan Africa,Sudan,Vegetables,02-02-2014,241281497,03-03-2014,698
Sub-Saharan Africa,Angola,Meat,4/30/2016,267614781,05-12-2016,699
Central America and the Caribbean,Panama,Cosmetics,8/31/2010,651621711,10/16/2010,700
Europe,Greece,Personal Care,08-08-2015,644913613,09-07-2015,701
Sub-Saharan Africa,Madagascar,Cereal,8/18/2016,469414317,8/19/2016,702
Sub-Saharan Africa,Guinea-Bissau,Clothes,6/18/2015,867360150,07-01-2015,703
North America,Greenland,Clothes,1/28/2011,851299941,02-01-2011,704
Middle East and North Africa,Libya,Beverages,02-04-2011,854095017,03-04-2011,705
Europe,Belarus,Vegetables,11-03-2012,478919208,11/27/2012,706
Middle East and North Africa,Lebanon,Clothes,9/18/2014,749258840,11-05-2014,707
Sub-Saharan Africa,Djibouti,Baby Food,5/17/2012,958912742,6/28/2012,708
Central America and the Caribbean,Barbados,Personal Care,2/20/2010,921992242,03-04-2010,709
Sub-Saharan Africa,Guinea-Bissau,Vegetables,2/28/2017,522921168,03-02-2017,710
Europe,Finland,Personal Care,5/17/2013,166435849,06-07-2013,711
Central America and the Caribbean,Haiti,Baby Food,11-09-2013,327585113,11/23/2013,712
Sub-Saharan Africa,Niger,Clothes,01-10-2012,201730287,2/19/2012,713
Central America and the Caribbean,Trinidad and Tobago,Fruits,9/24/2013,854545199,11-09-2013,714
Central America and the Caribbean,Grenada,Personal Care,9/26/2010,272016179,11-08-2010,715
Central America and the Caribbean,Dominican Republic,Cereal,10/21/2014,110442054,11/20/2014,716
Europe,Monaco,Household,1/17/2016,746434152,02-05-2016,717
Europe,Estonia,Vegetables,12/27/2016,826916301,01-07-2017,718
Europe,Italy,Beverages,8/30/2013,419124829,9/19/2013,719
Asia,Malaysia,Office Supplies,07-07-2014,560608565,8/24/2014,720
Sub-Saharan Africa,Ghana,Office Supplies,11/29/2013,109228837,12-07-2013,721
Middle East and North Africa,Pakistan,Clothes,1/29/2011,693159472,02-05-2011,722
Asia,Sri Lanka,Snacks,11/13/2013,860886800,11/23/2013,723
Europe,Romania,Fruits,04-09-2012,131209647,05-03-2012,724
Middle East and North Africa,Qatar,Office Supplies,6/28/2012,343239343,7/13/2012,725
Sub-Saharan Africa,Cote d'Ivoire,Clothes,06-08-2010,706399714,7/19/2010,726
Middle East and North Africa,Egypt,Office Supplies,8/23/2010,950427091,9/14/2010,727
Middle East and North Africa,Iran,Snacks,12-11-2014,875370299,12/28/2014,728
Middle East and North Africa,Somalia,Clothes,1/27/2011,801590669,3/15/2011,729
Middle East and North Africa,Syria,Personal Care,05-07-2014,219762027,5/28/2014,730
Australia and Oceania,Solomon Islands,Cereal,11-08-2010,940870702,11/21/2010,731
Central America and the Caribbean,Guatemala,Fruits,3/30/2014,346215522,05-04-2014,732
Middle East and North Africa,Kuwait,Clothes,07-09-2016,837407815,7/20/2016,733
Middle East and North Africa,Jordan,Meat,7/15/2014,386371409,7/19/2014,734
Australia and Oceania,Marshall Islands,Beverages,10/14/2013,185342633,11/24/2013,735
Middle East and North Africa,Egypt,Snacks,1/13/2017,596870315,2/18/2017,736
Europe,Switzerland,Meat,12/22/2012,703815782,01-07-2013,737
Australia and Oceania,Samoa ,Personal Care,4/16/2010,559352862,06-04-2010,738
Europe,Portugal,Cosmetics,2/27/2011,736967885,03-12-2011,739
Europe,Albania,Clothes,1/14/2015,980459678,02-09-2015,740
Central America and the Caribbean,Dominica,Vegetables,11/16/2014,653939568,12-06-2014,741
Australia and Oceania,Tuvalu,Cosmetics,1/17/2016,991831386,1/29/2016,742
Australia and Oceania,Marshall Islands,Cereal,5/29/2017,148871457,07-06-2017,743
Europe,Bulgaria,Fruits,02-10-2015,850108611,2/25/2015,744
Sub-Saharan Africa,Niger,Office Supplies,12-08-2013,940904176,01-07-2014,745
Central America and the Caribbean,Saint Vincent and the Grenadines,Office Supplies,12-10-2015,136931979,12/13/2015,746
Sub-Saharan Africa,Malawi,Beverages,09-04-2016,474178349,9/26/2016,747
Sub-Saharan Africa,Cape Verde,Personal Care,7/19/2016,458942115,7/29/2016,748
Central America and the Caribbean,Saint Vincent and the Grenadines,Beverages,01-09-2017,917834603,1/13/2017,749
Europe,Greece,Personal Care,11-05-2016,947779643,12-05-2016,750
Europe,Monaco,Clothes,10/31/2015,166013562,11/26/2015,751
Sub-Saharan Africa,Nigeria,Beverages,1/25/2011,960085189,2/13/2011,752
Europe,Norway,Cosmetics,11-08-2015,837855851,11-08-2015,753
North America,Greenland,Snacks,6/24/2010,977499377,08-12-2010,754
Middle East and North Africa,Tunisia ,Beverages,2/27/2014,377502095,03-03-2014,755
Asia,Uzbekistan,Meat,02-05-2013,806662833,3/27/2013,756
Central America and the Caribbean,Saint Kitts and Nevis ,Vegetables,4/15/2017,954092919,05-11-2017,757
Central America and the Caribbean,Belize,Meat,04-09-2011,479216182,4/26/2011,758
Sub-Saharan Africa,Angola,Personal Care,12/13/2010,461768949,12/30/2010,759
Asia,Bhutan,Meat,5/13/2014,251800048,5/22/2014,760
Central America and the Caribbean,Honduras,Personal Care,1/16/2013,619670808,2/25/2013,761
Sub-Saharan Africa,South Sudan,Household,12-09-2010,606055057,1/23/2011,762
Asia,Kyrgyzstan,Baby Food,1/24/2013,671939122,2/14/2013,763
Sub-Saharan Africa,Sao Tome and Principe,Cosmetics,2/25/2014,448621833,03-03-2014,764
Sub-Saharan Africa,Madagascar,Fruits,7/23/2017,987714517,09-11-2017,765
Sub-Saharan Africa,Senegal,Household,05-07-2016,711141002,6/14/2016,766
Sub-Saharan Africa,Sierra Leone,Office Supplies,3/24/2012,361137616,4/18/2012,767
Asia,Malaysia,Household,10-03-2011,750253188,11/21/2011,768
Central America and the Caribbean,Cuba,Office Supplies,12/22/2014,511349046,01-02-2015,769
Sub-Saharan Africa,Zimbabwe,Personal Care,8/23/2011,147599017,8/28/2011,770
Europe,Serbia,Beverages,4/18/2015,682489430,5/23/2015,771
Asia,Maldives,Vegetables,01-11-2014,509819114,2/23/2014,772
Europe,Ireland,Office Supplies,2/27/2012,343699395,04-02-2012,773
Europe,Romania,Clothes,04-04-2011,968554103,04-08-2011,774
Europe,Croatia,Beverages,12/26/2013,989119565,01-06-2014,775
Europe,Albania,Vegetables,09-12-2012,880444610,10/31/2012,776
Central America and the Caribbean,Dominican Republic,Vegetables,12/19/2015,737890565,1/15/2016,777
Sub-Saharan Africa,Zimbabwe,Vegetables,6/26/2014,727131259,08-09-2014,778
Sub-Saharan Africa,Ghana,Office Supplies,03-02-2015,634153020,03-11-2015,779
Asia,Laos,Beverages,8/17/2014,315254676,09-08-2014,780
Central America and the Caribbean,Panama,Personal Care,7/19/2010,147047555,09-03-2010,781
Sub-Saharan Africa,Angola,Household,1/14/2013,576455485,2/13/2013,782
Middle East and North Africa,Syria,Snacks,7/19/2010,770714795,8/26/2010,783
Sub-Saharan Africa,Sierra Leone,Cosmetics,07-11-2011,867374312,08-03-2011,784
Sub-Saharan Africa,Uganda,Fruits,05-04-2010,624295365,6/23/2010,785
Asia,Taiwan,Clothes,10/13/2013,769651782,11-03-2013,786
Middle East and North Africa,Azerbaijan,Vegetables,7/27/2014,751929891,08-01-2014,787
Asia,Maldives,Office Supplies,04-04-2010,989928519,04-11-2010,788
Sub-Saharan Africa,Mauritania,Meat,8/17/2014,622758996,10-01-2014,789
Sub-Saharan Africa,Burundi,Baby Food,01-04-2016,659845149,1/29/2016,790
Sub-Saharan Africa,Zambia,Baby Food,5/17/2011,830923306,06-05-2011,791
Asia,Singapore,Beverages,02-12-2010,936042296,3/17/2010,792
Sub-Saharan Africa,Ghana,Household,2/17/2015,395563447,3/30/2015,793
Sub-Saharan Africa,Guinea,Meat,06-07-2011,500160586,06-07-2011,794
Sub-Saharan Africa,Zambia,Fruits,5/26/2015,360820043,07-02-2015,795
Europe,Georgia,Snacks,5/24/2010,958840644,06-02-2010,796
Middle East and North Africa,Bahrain,Baby Food,2/21/2011,195833718,04-07-2011,797
Sub-Saharan Africa,Lesotho,Personal Care,6/28/2014,543723094,07-02-2014,798
Central America and the Caribbean,Barbados,Cosmetics,10/15/2010,494745099,10/30/2010,799
Middle East and North Africa,Saudi Arabia,Vegetables,5/18/2010,411448562,6/30/2010,800
Europe,Macedonia,Personal Care,02-02-2017,276694810,2/16/2017,801
Asia,Turkmenistan,Office Supplies,11/24/2016,143657672,01-08-2017,802
Europe,Albania,Baby Food,12/23/2011,585823476,01-06-2012,803
Middle East and North Africa,Afghanistan,Clothes,12-05-2016,446991050,1/16/2017,804
Australia and Oceania,Kiribati,Clothes,2/16/2017,891271722,2/22/2017,805
Middle East and North Africa,Morocco,Cosmetics,5/18/2010,453089320,6/16/2010,806
Europe,Norway,Baby Food,09-07-2010,887180173,10/18/2010,807
Europe,Sweden,Cosmetics,03-12-2014,418593108,3/25/2014,808
Asia,Tajikistan,Personal Care,7/16/2010,492689454,8/16/2010,809
Europe,Netherlands,Cosmetics,12-05-2016,825143039,12/20/2016,810
Europe,Spain,Vegetables,10-08-2013,751940190,10-10-2013,811
Sub-Saharan Africa,Chad,Baby Food,08-09-2016,579379737,8/26/2016,812
Europe,Ireland,Meat,10-06-2011,234073007,11/20/2011,813
Middle East and North Africa,Pakistan,Meat,2/17/2013,612943828,03-01-2013,814
Sub-Saharan Africa,Mozambique,Fruits,12/14/2012,433228528,12/21/2012,815
Middle East and North Africa,Bahrain,Fruits,11/20/2015,282475936,11/28/2015,816
Asia,Tajikistan,Meat,07-07-2012,368547379,07-12-2012,817
Australia and Oceania,New Zealand,Meat,06-02-2013,969616687,6/28/2013,818
Sub-Saharan Africa,Niger,Baby Food,02-04-2015,184170186,2/17/2015,819
Europe,Armenia,Fruits,4/28/2011,681006705,6/14/2011,820
Sub-Saharan Africa,Gabon,Baby Food,02-01-2012,249237573,2/21/2012,821
Asia,Kyrgyzstan,Vegetables,1/29/2017,348286616,2/13/2017,822
Australia and Oceania,Fiji,Clothes,12-01-2011,257890164,12/29/2011,823
Europe,Romania,Cosmetics,05-08-2017,228097045,6/17/2017,824
Sub-Saharan Africa,Botswana,Cereal,05-03-2017,129268586,6/21/2017,825
Australia and Oceania,Fiji,Cosmetics,10/31/2015,802078616,12-09-2015,826
Europe,Vatican City,Clothes,04-11-2010,907513463,4/19/2010,827
Asia,Thailand,Vegetables,7/17/2010,976871955,8/31/2010,828
Europe,Belarus,Cereal,5/31/2012,261765420,7/17/2012,829
Australia and Oceania,Solomon Islands,Vegetables,7/15/2016,784117686,7/17/2016,830
Asia,China,Cosmetics,1/14/2017,586165082,1/27/2017,831
Sub-Saharan Africa,Angola,Snacks,11/26/2012,480456435,12/16/2012,832
Asia,Cambodia,Cereal,10-03-2011,899853074,10/26/2011,833
Central America and the Caribbean,Guatemala,Baby Food,11/30/2010,547528827,12/15/2010,834
Sub-Saharan Africa,Namibia,Vegetables,05-08-2016,446970021,05-09-2016,835
Europe,Serbia,Beverages,2/27/2016,791975486,3/20/2016,836
Middle East and North Africa,Turkey,Vegetables,8/24/2014,496656548,9/29/2014,837
Middle East and North Africa,Pakistan,Vegetables,5/26/2013,345437037,6/30/2013,838
Europe,Georgia,Vegetables,1/26/2015,743053281,2/23/2015,839
Australia and Oceania,Vanuatu,Snacks,01-07-2012,364554107,1/18/2012,840
Europe,Luxembourg,Cosmetics,10/21/2012,205300843,12-03-2012,841
Middle East and North Africa,Saudi Arabia,Household,9/16/2015,430967319,10-05-2015,842
Australia and Oceania,Vanuatu,Meat,6/28/2012,827539861,07-01-2012,843
Central America and the Caribbean,Haiti,Snacks,12-02-2014,351317298,1/14/2015,844
Sub-Saharan Africa,Tanzania,Household,02-04-2013,278910958,02-04-2013,845
Asia,North Korea,Cosmetics,2/17/2017,157244670,3/15/2017,846
Middle East and North Africa,Bahrain,Beverages,6/24/2015,953554761,7/28/2015,847
Sub-Saharan Africa,Cote d'Ivoire,Cereal,7/30/2016,105390059,8/25/2016,848
Asia,Singapore,Cosmetics,10/23/2014,970611894,11-10-2014,849
Asia,Malaysia,Baby Food,12/16/2016,677394092,12/29/2016,850
Europe,Albania,Baby Food,9/28/2015,474222981,10/26/2015,851
Sub-Saharan Africa,Gabon,Snacks,4/16/2016,779897391,05-05-2016,852
Europe,Poland,Snacks,3/27/2017,733528649,3/30/2017,853
Sub-Saharan Africa,Chad,Office Supplies,6/25/2014,444540584,08-02-2014,854
Sub-Saharan Africa,Republic of the Congo,Clothes,7/29/2012,542669522,09-11-2012,855
Asia,Philippines,Fruits,05-04-2013,827964293,06-01-2013,856
Europe,France,Snacks,02-02-2012,720786225,2/15/2012,857
Europe,Germany,Household,7/24/2016,611809146,08-01-2016,858
Sub-Saharan Africa,Uganda,Personal Care,11-04-2012,512019383,12-12-2012,859
Middle East and North Africa,Bahrain,Personal Care,08-05-2014,502715766,8/17/2014,860
Middle East and North Africa,Jordan,Office Supplies,10/22/2013,285509622,10/28/2013,861
Europe,Montenegro,Beverages,12-01-2014,532324779,01-03-2015,862
Middle East and North Africa,Tunisia ,Personal Care,11-02-2015,635397565,11/21/2015,863
Europe,Germany,Cereal,10-07-2011,957276809,11-04-2011,864
Europe,Italy,Snacks,02-09-2014,580823838,3/21/2014,865
Europe,France,Office Supplies,5/29/2016,459212481,6/16/2016,866
Middle East and North Africa,Algeria,Baby Food,04-08-2013,265929067,5/23/2013,867
Asia,Myanmar,Beverages,9/20/2011,644772422,10/26/2011,868
Europe,France,Vegetables,04-12-2012,959853875,05-04-2012,869
Europe,Spain,Vegetables,10-02-2012,645597255,10/25/2012,870
Asia,Cambodia,Baby Food,01-02-2012,556738889,1/25/2012,871
Sub-Saharan Africa,The Gambia,Vegetables,9/30/2013,718327605,11-10-2013,872
Europe,Russia,Baby Food,03-10-2015,775724732,3/20/2015,873
Europe,Belarus,Baby Food,10/26/2010,444604098,10/31/2010,874
Middle East and North Africa,Turkey,Beverages,05-02-2011,860952031,5/13/2011,875
Sub-Saharan Africa,Kenya,Meat,2/19/2017,531067359,2/20/2017,876
Middle East and North Africa,Iran,Cosmetics,7/20/2014,281561410,08-02-2014,877
Asia,Vietnam,Personal Care,6/18/2017,109358012,07-10-2017,878
Europe,Albania,Beverages,7/19/2010,531693494,08-06-2010,879
Central America and the Caribbean,Antigua and Barbuda ,Clothes,08-09-2013,336116683,09-04-2013,880
Sub-Saharan Africa,Senegal,Cereal,3/23/2017,630488908,4/30/2017,881
Europe,Netherlands,Fruits,10/31/2016,792983996,12-02-2016,882
Europe,Russia,Fruits,07-03-2016,722088277,07-03-2016,883
Europe,Slovakia,Cosmetics,01-07-2010,386600577,1/29/2010,884
Australia and Oceania,East Timor,Beverages,12-06-2014,275632226,1/18/2015,885
Central America and the Caribbean,Haiti,Vegetables,10/16/2015,948607051,11/27/2015,886
Middle East and North Africa,Yemen,Cereal,05-10-2013,785261380,5/26/2013,887
Australia and Oceania,Tuvalu,Cereal,3/27/2013,935644042,5/15/2013,888
Sub-Saharan Africa,Liberia,Snacks,7/13/2014,370116364,8/17/2014,889
Asia,North Korea,Beverages,8/16/2013,829352176,8/26/2013,890
Asia,North Korea,Household,7/14/2015,974337804,08-07-2015,891
Europe,Romania,Household,12/23/2014,436372077,01-03-2015,892
Sub-Saharan Africa,Sao Tome and Principe,Cereal,4/27/2015,267066323,5/19/2015,893
Middle East and North Africa,Bahrain,Fruits,3/14/2017,688344371,4/28/2017,894
Middle East and North Africa,Somalia,Cosmetics,10-02-2014,642442548,11-02-2014,895
Europe,Cyprus,Cereal,7/13/2014,941909682,08-01-2014,896
Europe,United Kingdom,Beverages,7/31/2016,219607102,8/13/2016,897
Europe,Germany,Personal Care,8/30/2010,778708636,09-02-2010,898
Middle East and North Africa,Somalia,Beverages,4/22/2010,942700612,06-06-2010,899
Australia and Oceania,New Zealand,Household,03-09-2011,905381858,04-08-2011,900
Middle East and North Africa,Kuwait,Meat,1/13/2010,480863702,1/28/2010,901
Asia,Japan,Cosmetics,01-06-2016,453569972,2/19/2016,902
Europe,Norway,Baby Food,8/17/2016,328236997,09-10-2016,903
Sub-Saharan Africa,Lesotho,Personal Care,10/22/2011,579913604,10/23/2011,904
Europe,Belgium,Cosmetics,02-12-2010,403961122,3/20/2010,905
Central America and the Caribbean,Honduras,Cosmetics,5/29/2017,866053378,6/22/2017,906
Europe,Austria,Household,4/17/2010,852176702,5/13/2010,907
Middle East and North Africa,Oman,Baby Food,09-08-2015,218629920,10/20/2015,908
Middle East and North Africa,Oman,Baby Food,2/13/2016,242024362,3/17/2016,909
Europe,Spain,Snacks,2/16/2014,469283854,2/16/2014,910
Middle East and North Africa,Afghanistan,Fruits,4/22/2013,967644727,4/30/2013,911
Central America and the Caribbean,Saint Vincent and the Grenadines,Cosmetics,7/15/2014,974655807,7/23/2014,912
Europe,Iceland,Vegetables,03-07-2012,248178422,3/22/2012,913
Asia,Myanmar,Vegetables,1/14/2013,416386401,2/16/2013,914
Europe,Netherlands,Snacks,5/22/2017,927766072,6/20/2017,915
Europe,Slovakia,Vegetables,3/23/2015,401116263,3/31/2015,916
Middle East and North Africa,Bahrain,Fruits,9/28/2012,675548303,11-06-2012,917
Sub-Saharan Africa,Lesotho,Baby Food,06-06-2013,960486018,07-04-2013,918
Central America and the Caribbean,Cuba,Clothes,04-02-2014,985665738,5/19/2014,919
Middle East and North Africa,Afghanistan,Clothes,1/13/2017,551136291,1/13/2017,920
Australia and Oceania,Vanuatu,Cereal,02-03-2017,877259004,2/16/2017,921
Asia,Bhutan,Beverages,08-05-2014,554707705,9/19/2014,922
Australia and Oceania,Palau,Cereal,10-06-2010,494468724,10/23/2010,923
Asia,Indonesia,Personal Care,09-10-2011,777840888,10/23/2011,924
Europe,Andorra,Baby Food,12-12-2016,206435525,1/27/2017,925
Middle East and North Africa,Algeria,Office Supplies,10/26/2015,352176463,12-05-2015,926
Australia and Oceania,Vanuatu,Cosmetics,10/14/2013,607300031,10/14/2013,927
North America,Mexico,Baby Food,8/17/2013,434355056,9/28/2013,928
Europe,Macedonia,Fruits,08-07-2011,716202867,9/20/2011,929
Central America and the Caribbean,Panama,Personal Care,5/22/2016,606017291,06-12-2016,930
Asia,Nepal,Cereal,1/13/2015,677284657,1/15/2015,931
Asia,Nepal,Fruits,7/22/2014,673803794,7/29/2014,932
Sub-Saharan Africa,Mauritius ,Cereal,6/25/2015,859686028,07-10-2015,933
Sub-Saharan Africa,Sao Tome and Principe,Clothes,08-10-2015,669355189,9/26/2015,934
Central America and the Caribbean,Saint Vincent and the Grenadines,Fruits,10/19/2013,957547605,11/21/2013,935
Asia,Maldives,Personal Care,10-09-2013,849312102,11/23/2013,936
Sub-Saharan Africa,Swaziland,Personal Care,9/26/2012,890010011,10/14/2012,937
Middle East and North Africa,Morocco,Cereal,10-02-2012,795315158,10/26/2012,938
Asia,Maldives,Clothes,12-11-2016,801213872,1/28/2017,939
Sub-Saharan Africa,Zimbabwe,Fruits,7/26/2010,314004981,08-09-2010,940
Asia,India,Cereal,3/27/2010,160299813,04-06-2010,941
Asia,Tajikistan,Beverages,09-11-2014,337022197,9/22/2014,942
Sub-Saharan Africa,Lesotho,Snacks,03-09-2016,461408460,3/15/2016,943
Asia,Bhutan,Office Supplies,10/19/2011,221007430,11-10-2011,944
Central America and the Caribbean,Trinidad and Tobago,Snacks,10/31/2014,723680436,12/20/2014,945
Australia and Oceania,Tuvalu,Fruits,2/23/2013,447601306,03-11-2013,946
Middle East and North Africa,Iraq,Clothes,10/25/2010,191256368,11-09-2010,947
Sub-Saharan Africa,The Gambia,Vegetables,10-04-2016,823444449,10/30/2016,948
Middle East and North Africa,Bahrain,Beverages,09-04-2010,133276879,10/17/2010,949
Middle East and North Africa,Qatar,Meat,12/22/2014,480177485,02-07-2015,950
Sub-Saharan Africa,Angola,Household,04-08-2015,243882596,05-11-2015,951
Central America and the Caribbean,Costa Rica,Cosmetics,03-02-2017,574441039,04-06-2017,952
Australia and Oceania,Papua New Guinea,Household,3/14/2012,442214143,05-03-2012,953
Middle East and North Africa,Qatar,Clothes,11/22/2011,687875735,12-02-2011,954
Central America and the Caribbean,Saint Kitts and Nevis ,Clothes,09-08-2013,872412145,9/25/2013,955
Sub-Saharan Africa,Sierra Leone,Fruits,4/23/2012,627122199,4/29/2012,956
Europe,Russia,Fruits,2/14/2011,103617227,03-12-2011,957
Europe,Lithuania,Vegetables,10-06-2010,423821055,10/22/2010,958
Europe,United Kingdom,Vegetables,12-08-2012,529970014,01-03-2013,959
Asia,Indonesia,Personal Care,8/17/2016,334612929,10-03-2016,960
Asia,Mongolia,Beverages,4/23/2014,270611131,5/24/2014,961
Middle East and North Africa,Egypt,Office Supplies,11/18/2010,841138446,12-08-2010,962
Sub-Saharan Africa,Comoros,Household,4/22/2012,369681203,05-09-2012,963
Europe,Slovenia,Household,04-05-2014,850038230,4/21/2014,964
Middle East and North Africa,Lebanon,Beverages,6/21/2013,296320855,7/13/2013,965
Australia and Oceania,Australia,Cosmetics,7/13/2011,392952907,8/13/2011,966
Central America and the Caribbean,Haiti,Snacks,02-01-2011,644670712,3/21/2011,967
Central America and the Caribbean,Saint Kitts and Nevis ,Meat,1/27/2012,626523101,2/16/2012,968
Middle East and North Africa,Syria,Vegetables,6/24/2015,433871400,07-01-2015,969
Asia,Laos,Snacks,01-03-2012,232389438,01-08-2012,970
Central America and the Caribbean,Saint Kitts and Nevis ,Cereal,2/21/2016,708063542,3/19/2016,971
Sub-Saharan Africa,Sudan,Vegetables,12-04-2016,817192542,12/22/2016,972
Central America and the Caribbean,Guatemala,Meat,1/16/2012,936387765,2/29/2012,973
Asia,Brunei,Clothes,08-06-2011,612573039,08-09-2011,974
Middle East and North Africa,Jordan,Clothes,08-12-2011,812984693,8/22/2011,975
Central America and the Caribbean,Panama,Meat,12/18/2012,775171554,01-05-2013,976
Sub-Saharan Africa,Central African Republic,Household,01-10-2010,256994950,2/19/2010,977
Middle East and North Africa,Bahrain,Beverages,2/28/2017,886628711,3/31/2017,978
Sub-Saharan Africa,Burundi,Beverages,12-08-2011,312559163,12/16/2011,979
Europe,Austria,Cereal,8/18/2014,753585135,9/13/2014,980
Australia and Oceania,Fiji,Beverages,4/19/2016,448817956,4/22/2016,981
Australia and Oceania,Fiji,Clothes,11-06-2012,407681453,12/24/2012,982
Europe,Switzerland,Snacks,5/27/2016,359911954,6/23/2016,983
Middle East and North Africa,Yemen,Office Supplies,8/18/2013,105558288,8/19/2013,984
Sub-Saharan Africa,Comoros,Personal Care,12/31/2014,864981782,02-11-2015,985
Sub-Saharan Africa,Democratic Republic of the Congo,Office Supplies,02-04-2013,328856265,02-12-2013,986
Asia,Mongolia,Clothes,9/23/2016,308168065,10/18/2016,987
Australia and Oceania,Palau,Household,11-01-2016,884216010,11-02-2016,988
Europe,Monaco,Snacks,12/27/2012,858611428,01-09-2013,989
Australia and Oceania,Fiji,Cereal,03-10-2017,903278148,04-03-2017,990
Sub-Saharan Africa,Mali,Beverages,3/17/2012,410452497,3/26/2012,991
Sub-Saharan Africa,Liberia,Cereal,12/17/2015,642683303,1/20/2016,992
Europe,Switzerland,Beverages,2/18/2017,682831895,3/16/2017,993
Australia and Oceania,Samoa ,Baby Food,11-05-2016,584072101,11-05-2016,994
Asia,Nepal,Meat,04-09-2017,919890248,5/18/2017,995
Middle East and North Africa,Azerbaijan,Snacks,4/18/2010,534085166,4/25/2010,996
Europe,Georgia,Baby Food,08-01-2011,590768182,09-07-2011,997
Middle East and North Africa,United Arab Emirates,Vegetables,05-12-2011,524363124,6/28/2011,998
Europe,Finland,Household,1/25/2016,289606320,2/14/2016,999
Europe,Portugal,Cereal,04-10-2014,811546599,05-08-2014,1000
